<?xml version="1.0" encoding="utf-8" ?>
<extension type="package" version="3.x" method="upgrade">
 <identifier>pkg:addarticletojshopping</identifier>
 <name>AddArticleToJshopping Package</name>
 <author>KWProductions Co.</author>
 <creationDate>March 15 2021</creationDate>
 <license>GNU/GPLv3 http://www.gnu.org/licenses/gpl-3.0.html</license>
 <packagename>addarticletojshopping</packagename>
 <version>1.0.0</version>
 <url>https://www.extensions.kwproductions121.com</url>
 <packager>Kian William Nowrouzian</packager>
 <packagerurl>https://www.extensions.kwproductions121.com</packagerurl>
 <description><![CDATA[ This plugin is developed by <a href="https://kwproductions121.com">KWProductions Co.</a> In case of any problem contact us: webarchitect@kwproductions121.com <br />. ]]></description>
 <update>http://www.extensions.kwproductions121.com</update>
 <scriptfile>install.script.php</scriptfile>
 <files>
   <file type="plugin" client="site" group="content" >addarticletojshopping.zip</file>
   <file type="plugin" client="site" group="user" >adduserfoldertojce.zip</file>
   <file type="plugin" client="site" group="user" >updateprofile.zip</file>
      <file type="plugin" client="site" group="content" >checklang.zip</file>



</files>
<updateservers>
		<server type="collection" name="pkg_addarticletojshopping"><![CDATA[https://www.extensions.kwproductions121.com/myextensions.xml]]></server>
</updateservers>
 </extension>